{"type":"FeatureCollection","features":[
    {"type":"Feature","geometry":{"type":"Point","coordinates":[106.83065,-6.1275,3.26]},"properties":{"name":"Ancol","description":"Halte TransJakarta Ancol (http://www.transportumum.com/jakarta/halte-ancol/)"}},
    {"type":"Feature","geometry":{"type":"Point","coordinates":[106.889064,-6.172018,5.16]},"properties":{"name":"ASMI","description":"Halte TransJakarta ASMI (http://www.transportumum.com/jakarta/halte-asmi/)"}},
    {"type":"Feature","geometry":{"type":"Point","coordinates":[106.840855,-6.177262,9.27]},"properties":{"name":"Atrium","description":"Halte TransJakarta Atrium (http://www.transportumum.com/jakarta/halte-atrium/)"}},
    {"type":"Feature","geometry":{"type":"Point","coordinates":[106.827631,-6.180268,4.68]},"properties":{"name":"Balai Kota","description":"Halte TransJakarta Balai Kota (http://www.transportumum.com/jakarta/halte-balai-kota/)"}},
    {"type":"Feature","geometry":{"type":"Point","coordinates":[106.822948,-6.182756,10.58]},"properties":{"name":"Bank Indonesia","description":"Halte TransJakarta Bank Indonesia (http://www.transportumum.com/jakarta/halte-bank-indonesia/)"}},
    {"type":"Feature","geometry":{"type":"Point","coordinates":[106.873765,-6.205586,17.2]},"properties":{"name":"Bea Cukai Ahmad Yani","description":"Halte TransJakarta Bea Cukai Ahmad Yani (http://www.transportumum.com/jakarta/halte-bea-cukai-ahmad-yani/)"}},
    {"type":"Feature","geometry":{"type":"Point","coordinates":[106.815221,-6.21726,11.66]},"properties":{"name":"Bendungan Hilir","description":"Halte TransJakarta Bendungan Hilir (http://www.transportumum.com/jakarta/halte-bendungan-hilir/)"}},
    {"type":"Feature","geometry":{"type":"Point","coordinates":[106.898476,-6.178227,7.79]},"properties":{"name":"Bermis","description":"Halte TransJakarta Bermis (http://www.transportumum.com/jakarta/halte-bermis/)"}},
    {"type":"Feature","geometry":{"type":"Point","coordinates":[106.867184,-6.229844,17.03]},"properties":{"name":"Bidara Cina","description":"Halte TransJakarta Bidara Cina (http://www.transportumum.com/jakarta/halte-bidara-cina/)"}},
    {"type":"Feature","geometry":{"type":"Point","coordinates":[106.801864,-6.243422,23]},"properties":{"name":"Blok M","description":"Halte TransJakarta Blok M (http://www.transportumum.com/jakarta/halte-blok-m/)"}},
    {"type":"Feature","geometry":{"type":"Point","coordinates":[106.839065,-6.16604,6.69]},"properties":{"name":"Budi Utomo","description":"Halte TransJakarta Budi Utomo (http://www.transportumum.com/jakarta/halte-budi-utomo/)"}},
    {"type":"Feature","geometry":{"type":"Point","coordinates":[106.830227,-6.274431,26.98]},"properties":{"name":"Buncit Indah","description":"Halte TransJakarta Buncit Indah (http://www.transportumum.com/jakarta/halte-buncit-indah/)"}},
    {"type":"Feature","geometry":{"type":"Point","coordinates":[106.822985,-6.193741,12.96]},"properties":{"name":"Bundaran Hotel Indonesia","description":"Halte TransJakarta Bundaran Hotel Indonesia (http://www.transportumum.com/jakarta/halte-bundaran-hotel-indonesia/)"}},
    {"type":"Feature","geometry":{"type":"Point","coordinates":[106.801655,-6.227417,19.57]},"properties":{"name":"Bundaran Senayan","description":"Halte TransJakarta Bundaran Senayan (http://www.transportumum.com/jakarta/halte-bundaran-senayan/)"}},
    {"type":"Feature","geometry":{"type":"Point","coordinates":[106.872017,-6.246222,20.05]},"properties":{"name":"Cawang BNN","description":"Halte TransJakarta Cawang BNN (http://www.transportumum.com/jakarta/halte-cawang-bnn/)"}},
    {"type":"Feature","geometry":{"type":"Point","coordinates":[106.863472,-6.243062,25.32]},"properties":{"name":"Cawang Ciliwung","description":"Halte TransJakarta Cawang Ciliwung (http://www.transportumum.com/jakarta/halte-cawang-ciliwung/)"}},
    {"type":"Feature","geometry":{"type":"Point","coordinates":[106.868693,-6.243757,24.1]},"properties":{"name":"Cawang Otista","description":"Halte TransJakarta Cawang Otista (http://www.transportumum.com/jakarta/halte-cawang-otista/)"}},
    {"type":"Feature","geometry":{"type":"Point","coordinates":[106.875913,-6.244892,20.02]},"properties":{"name":"Cawang Sutoyo","description":"Halte TransJakarta Cawang Sutoyo (http://www.transportumum.com/jakarta/halte-cawang-sutoyo/)"}},
    {"type":"Feature","geometry":{"type":"Point","coordinates":[106.873489,-6.250501,24]},"properties":{"name":"Cawang UKI","description":"Halte TransJakarta Cawang UKI (http://www.transportumum.com/jakarta/halte-cawang-uki/)"}},
    {"type":"Feature","geometry":{"type":"Point","coordinates":[106.876436,-6.174349,8.73]},"properties":{"name":"Cempaka Putih","description":"Halte TransJakarta Cempaka Putih (http://www.transportumum.com/jakarta/halte-cempaka-putih/)"}},
    {"type":"Feature","geometry":{"type":"Point","coordinates":[106.876026,-6.166617,9.5]},"properties":{"name":"Cempaka Timur","description":"Halte TransJakarta Cempaka Timur (http://www.transportumum.com/jakarta/halte-cempaka-timur/)"}},
    {"type":"Feature","geometry":{"type":"Point","coordinates":[106.842024,-6.178239,5.41]},"properties":{"name":"Central Senen","description":"Halte TransJakarta Central Senen (http://www.transportumum.com/jakarta/halte-central-senen/)"}},
    {"type":"Feature","geometry":{"type":"Point","coordinates":[106.857628,-6.243169,25]},"properties":{"name":"Cikoko Stasiun Cawang","description":"Halte TransJakarta Cikoko Stasiun Cawang (http://www.transportumum.com/jakarta/halte-cikoko-stasiun-cawang/)"}},
    {"type":"Feature","geometry":{"type":"Point","coordinates":[106.86627,-6.26264,28.95]},"properties":{"name":"Cililitan","description":"Halte TransJakarta Cililitan (http://www.transportumum.com/jakarta/halte-cililitan/)"}},
    {"type":"Feature","geometry":{"type":"Point","coordinates":[106.876218,-6.231408,19.44]},"properties":{"name":"Cipinang Kebon Nanas","description":"Halte TransJakarta Cipinang Kebon Nanas (http://www.transportumum.com/jakarta/halte-cipinang-kebon-nanas/)"}},
    {"type":"Feature","geometry":{"type":"Point","coordinates":[106.822026,-6.294812,38.2]},"properties":{"name":"Departemen Pertanian","description":"Halte TransJakarta Departemen Pertanian (http://www.transportumum.com/jakarta/halte-departemen-pertanian/)"}},
    {"type":"Feature","geometry":{"type":"Point","coordinates":[106.833199,-6.228802,24.62]},"properties":{"name":"Depkes","description":"Halte TransJakarta Depkes (http://www.transportumum.com/jakarta/halte-depkes/)"}},
    {"type":"Feature","geometry":{"type":"Point","coordinates":[106.834748,-6.173633,14.28]},"properties":{"name":"Deplu","description":"Halte TransJakarta Deplu (http://www.transportumum.com/jakarta/halte-deplu/)"}},
    {"type":"Feature","geometry":{"type":"Point","coordinates":[106.738052,-6.154697,1.13]},"properties":{"name":"Dispenda","description":"Halte TransJakarta Dispenda (http://www.transportumum.com/jakarta/halte-dispenda/)"}},
    {"type":"Feature","geometry":{"type":"Point","coordinates":[106.822241,-6.205724,17.14]},"properties":{"name":"Dukuh Atas 1","description":"Halte TransJakarta Dukuh Atas 1 (http://www.transportumum.com/jakarta/halte-dukuh-atas-1/)"}},
    {"type":"Feature","geometry":{"type":"Point","coordinates":[106.823429,-6.204384,10.55]},"properties":{"name":"Dukuh Atas 2","description":"Halte TransJakarta Dukuh Atas 2 (http://www.transportumum.com/jakarta/halte-dukuh-atas-2/)"}},
    {"type":"Feature","geometry":{"type":"Point","coordinates":[106.826855,-6.25218,20.97]},"properties":{"name":"Duren Tiga","description":"Halte TransJakarta Duren Tiga (http://www.transportumum.com/jakarta/halte-duren-tiga/)"}},
    {"type":"Feature","geometry":{"type":"Point","coordinates":[106.768399,-6.185352,12.23]},"properties":{"name":"Duri Kepa","description":"Halte TransJakarta Duri Kepa (http://www.transportumum.com/jakarta/halte-duri-kepa/)"}},
    {"type":"Feature","geometry":{"type":"Point","coordinates":[106.892464,-6.11015,0.69]},"properties":{"name":"Enggano","description":"Halte TransJakarta Enggano (http://www.transportumum.com/jakarta/halte-enggano/)"}},
    {"type":"Feature","geometry":{"type":"Point","coordinates":[106.865728,-6.306586,42.07]},"properties":{"name":"Fly Over Raya Bogor","description":"Halte TransJakarta Fly Over Raya Bogor (http://www.transportumum.com/jakarta/halte-fly-over-raya-bogor/)"}},
    {"type":"Feature","geometry":{"type":"Point","coordinates":[106.854727,-6.174473,10.2]},"properties":{"name":"Galur","description":"Halte TransJakarta Galur (http://www.transportumum.com/jakarta/halte-galur/)"}},
    {"type":"Feature","geometry":{"type":"Point","coordinates":[106.830278,-6.174442,3.97]},"properties":{"name":"Gambir 1","description":"Halte TransJakarta Gambir 1 (http://www.transportumum.com/jakarta/halte-gambir-1/)"}},
    {"type":"Feature","geometry":{"type":"Point","coordinates":[106.831071,-6.178968,2.72]},"properties":{"name":"Gambir 2","description":"Halte TransJakarta Gambir 2 (http://www.transportumum.com/jakarta/halte-gambir-2/)"}},
    {"type":"Feature","geometry":{"type":"Point","coordinates":[106.822032,-6.233523,27.54]},"properties":{"name":"Gatot Subroto Jamsostek","description":"Halte TransJakarta Gatot Subroto Jamsostek (http://www.transportumum.com/jakarta/halte-gatot-subroto-jamsostek/)"}},
    {"type":"Feature","geometry":{"type":"Point","coordinates":[106.817495,-6.227021,14.07]},"properties":{"name":"Gatot Subroto LIPI","description":"Halte TransJakarta Gatot Subroto LIPI (http://www.transportumum.com/jakarta/halte-gatot-subroto-lipi/)"}},
    {"type":"Feature","geometry":{"type":"Point","coordinates":[106.86793,-6.235497,23.6]},"properties":{"name":"Gelanggang Remaja","description":"Halte TransJakarta Gelanggang Remaja (http://www.transportumum.com/jakarta/halte-gelanggang-remaja/)"}},
    {"type":"Feature","geometry":{"type":"Point","coordinates":[106.805778,-6.224307,18.7]},"properties":{"name":"Gelora Bung Karno","description":"Halte TransJakarta Gelora Bung Karno (http://www.transportumum.com/jakarta/halte-gelora-bung-karno/)"}},
    {"type":"Feature","geometry":{"type":"Point","coordinates":[106.815288,-6.144188,15.22]},"properties":{"name":"Glodok","description":"Halte TransJakarta Glodok (http://www.transportumum.com/jakarta/halte-glodok/)"}},
    {"type":"Feature","geometry":{"type":"Point","coordinates":[106.83195,-6.220689,26.02]},"properties":{"name":"GOR Sumantri","description":"Halte TransJakarta GOR Sumantri (http://www.transportumum.com/jakarta/halte-gor-sumantri/)"}},
    {"type":"Feature","geometry":{"type":"Point","coordinates":[106.789693,-6.16689,7.07]},"properties":{"name":"Grogol 1","description":"Halte TransJakarta Grogol 1 (http://www.transportumum.com/jakarta/halte-grogol-1/)"}},
    {"type":"Feature","geometry":{"type":"Point","coordinates":[106.788232,-6.167302,6.26]},"properties":{"name":"Grogol 2","description":"Halte TransJakarta Grogol 2 (http://www.transportumum.com/jakarta/halte-grogol-2/)"}},
    {"type":"Feature","geometry":{"type":"Point","coordinates":[106.832338,-6.136871,3.8]},"properties":{"name":"Gunung Sahari Mangga Dua","description":"Halte TransJakarta Gunung Sahari Mangga Dua (http://www.transportumum.com/jakarta/halte-gunung-sahari-mangga-dua/)"}},
    {"type":"Feature","geometry":{"type":"Point","coordinates":[106.833293,-6.205199,9.65]},"properties":{"name":"Halimun","description":"Halte TransJakarta Halimun (http://www.transportumum.com/jakarta/halte-halimun/)"}},
    {"type":"Feature","geometry":{"type":"Point","coordinates":[106.820398,-6.165844,9.52]},"properties":{"name":"Harmoni Central Busway","description":"Halte TransJakarta Harmoni Central Busway (http://www.transportumum.com/jakarta/halte-harmoni-central-busway/)"}},
    {"type":"Feature","geometry":{"type":"Point","coordinates":[106.82795,-6.256835,23.68]},"properties":{"name":"Imigrasi","description":"Halte TransJakarta Imigrasi (http://www.transportumum.com/jakarta/halte-imigrasi/)"}},
    {"type":"Feature","geometry":{"type":"Point","coordinates":[106.775369,-6.163491,4.39]},"properties":{"name":"Indosiar","description":"Halte TransJakarta Indosiar (http://www.transportumum.com/jakarta/halte-indosiar/)"}},
    {"type":"Feature","geometry":{"type":"Point","coordinates":[106.830899,-6.172323,5.81]},"properties":{"name":"Istiqlal","description":"Halte TransJakarta Istiqlal (http://www.transportumum.com/jakarta/halte-istiqlal/)"}},
    {"type":"Feature","geometry":{"type":"Point","coordinates":[106.826143,-6.285664,31.72]},"properties":{"name":"Jati Padang","description":"Halte TransJakarta Jati Padag (http://www.transportumum.com/jakarta/halte-jati-padang/)"}},
    {"type":"Feature","geometry":{"type":"Point","coordinates":[106.786669,-6.166646,3.49]},"properties":{"name":"Jelambar","description":"Halte TransJakarta Jelambar (http://www.transportumum.com/jakarta/halte-jelambar/)"}},
    {"type":"Feature","geometry":{"type":"Point","coordinates":[106.730548,-6.154898,4.28]},"properties":{"name":"Jembatan Baru","description":"Halte TransJakarta Jembatan Baru (http://www.transportumum.com/jakarta/halte-jembatan-baru/)"}},
    {"type":"Feature","geometry":{"type":"Point","coordinates":[106.794901,-6.152123,5.31]},"properties":{"name":"Jembatan Besi","description":"Halte TransJakarta Jembatan Besi (http://www.transportumum.com/jakarta/halte-jembatan-besi/)"}},
    {"type":"Feature","geometry":{"type":"Point","coordinates":[106.793481,-6.143408,5.19]},"properties":{"name":"Jembatan Dua","description":"Halte TransJakarta Jembatan Dua (http://www.transportumum.com/jakarta/halte-jembatan-dua/)"}},
    {"type":"Feature","geometry":{"type":"Point","coordinates":[106.749241,-6.155533,2.81]},"properties":{"name":"Jembatan Gantung","description":"Halte TransJakarta Jembatan Gantung (http://www.transportumum.com/jakarta/halte-jembatan-gantung/)"}},
    {"type":"Feature","geometry":{"type":"Point","coordinates":[106.834263,-6.146774,5]},"properties":{"name":"Jembatan Merah","description":"Halte TransJakarta Jembatan Merah (http://www.transportumum.com/jakarta/halte-jembatan-merah/)"}},
    {"type":"Feature","geometry":{"type":"Point","coordinates":[106.792723,-6.133469,5]},"properties":{"name":"Jembatan Tiga","description":"Halte TransJakarta Jembatan Tiga (http://www.transportumum.com/jakarta/halte-jembatan-tiga/)"}},
    {"type":"Feature","geometry":{"type":"Point","coordinates":[106.83071,-6.168144,5.33]},"properties":{"name":"Juanda","description":"Halte TransJakarta Juanda (http://www.transportumum.com/jakarta/halte-juanda/)"}},
    {"type":"Feature","geometry":{"type":"Point","coordinates":[106.705896,-6.154634,8]},"properties":{"name":"Kalideres","description":"Halte TransJakarta Kalideres (http://www.transportumum.com/jakarta/halte-kalideres/)"}},
    {"type":"Feature","geometry":{"type":"Point","coordinates":[106.866816,-6.224566,20.07]},"properties":{"name":"Kampung Melayu","description":"Halte TransJakarta Kampung Melayu (http://www.transportumum.com/jakarta/halte-kampung-melayu/)"}},
    {"type":"Feature","geometry":{"type":"Point","coordinates":[106.88159,-6.309366,37.18]},"properties":{"name":"Kampung Rambutan","description":"Halte TransJakarta Kampung Rambutan (http://www.transportumum.com/jakarta/halte-kampung-rambutan/)"}},
    {"type":"Feature","geometry":{"type":"Point","coordinates":[106.893136,-6.118791,4.26]},"properties":{"name":"Kantor Walikota Jakarta Utara","description":"Halte TransJakarta Kantor Walikota Jakarta Utara (http://www.transportumum.com/jakarta/halte-kantor-walikota-jakarta-utara/)"}},
    {"type":"Feature","geometry":{"type":"Point","coordinates":[106.830904,-6.217621,17.85]},"properties":{"name":"Karet Kuningan","description":"Halte TransJakarta Karet Kuningan (http://www.transportumum.com/jakarta/halte-karet-kuningan/)"}},
    {"type":"Feature","geometry":{"type":"Point","coordinates":[106.818244,-6.214818,24.98]},"properties":{"name":"Karet","description":"Halte TransJakarta Karet (http://www.transportumum.com/jakarta/halte-karet/)"}},
    {"type":"Feature","geometry":{"type":"Point","coordinates":[106.875413,-6.187327,9.8]},"properties":{"name":"Kayu Putih Rawasari","description":"Halte TransJakarta Kayu Putih Rawasari (http://www.transportumum.com/jakarta/halte-kayu-putih-rawasari/)"}},
    {"type":"Feature","geometry":{"type":"Point","coordinates":[106.781579,-6.252774,28.42]},"properties":{"name":"Kebayoran Lama Bungur","description":"Halte TransJakarta Kebayoran Lama Bungur (http://www.transportumum.com/jakarta/halte-kebayoran-lama-bungur/)"}},
    {"type":"Feature","geometry":{"type":"Point","coordinates":[106.768845,-6.194404,15.64]},"properties":{"name":"Kebon Jeruk","description":"Halte TransJakarta Kebon Jeruk (http://www.transportumum.com/jakarta/halte-kebon-jeruk/)"}},
    {"type":"Feature","geometry":{"type":"Point","coordinates":[106.861162,-6.212914,15.06]},"properties":{"name":"Kebon Pala","description":"Halte TransJakarta Kebon Pala (http://www.transportumum.com/jakarta/halte-kebon-pala/)"}},
    {"type":"Feature","geometry":{"type":"Point","coordinates":[106.765829,-6.1746,8.75]},"properties":{"name":"Kedoya Assiddiqiyah","description":"Halte TransJakarta Kedoya Assiddiqiyah (http://www.transportumum.com/jakarta/halte-kedoya-assiddiqiyah/)"}},
    {"type":"Feature","geometry":{"type":"Point","coordinates":[106.762998,-6.16453,12.99]},"properties":{"name":"Kedoya Green Garden","description":"Halte TransJakarta Kedoya Green Garden (http://www.transportumum.com/jakarta/halte-kedoya-green-garden/)"}},
    {"type":"Feature","geometry":{"type":"Point","coordinates":[106.769519,-6.20564,17.88]},"properties":{"name":"Kelapa Dua Sasak","description":"Halte TransJakarta Kelapa Dua Sasak (http://www.transportumum.com/jakarta/halte-kelapa-dua-sasak/)"}},
    {"type":"Feature","geometry":{"type":"Point","coordinates":[106.813903,-6.137851,6.32]},"properties":{"name":"Kota","description":"Halte TransJakarta Kota (http://www.transportumum.com/jakarta/halte-kota/)"}},
    {"type":"Feature","geometry":{"type":"Point","coordinates":[106.846027,-6.188129,9.09]},"properties":{"name":"Kramat Sentiong NU","description":"Halte TransJakarta Kramat Sentiong NU (http://www.transportumum.com/jakarta/halte-kramat-sentiong-nu/)"}},
    {"type":"Feature","geometry":{"type":"Point","coordinates":[106.827527,-6.237173,15.67]},"properties":{"name":"Kuningan Barat","description":"Halte TransJakarta Kuningan Barat (http://www.transportumum.com/jakarta/halte-kuningan-barat/)"}},
    {"type":"Feature","geometry":{"type":"Point","coordinates":[106.830422,-6.212715,19.83]},"properties":{"name":"Kuningan Madya","description":"Halte TransJakarta Kuningan Madya (http://www.transportumum.com/jakarta/halte-kuningan-madya/)"}},
    {"type":"Feature","geometry":{"type":"Point","coordinates":[106.827836,-6.236005,18.44]},"properties":{"name":"Kuningan Timur","description":"Halte TransJakarta Kuningan Timur (http://www.transportumum.com/jakarta/halte-kuningan-timur/)"}},
    {"type":"Feature","geometry":{"type":"Point","coordinates":[106.838542,-6.181177,7.64]},"properties":{"name":"Kwitang","description":"Halte TransJakarta Kwitang (http://www.transportumum.com/jakarta/halte-kwitang/)"}},
    {"type":"Feature","geometry":{"type":"Point","coordinates":[106.827648,-6.202891,11.49]},"properties":{"name":"Latuharhari","description":"Halte TransJakarta Latuharhari (http://www.transportumum.com/jakarta/halte-latuharhari/)"}},
    {"type":"Feature","geometry":{"type":"Point","coordinates":[106.790388,-6.161187,5.27]},"properties":{"name":"Latumeten Stasiun KA","description":"Halte TransJakarta Latumeten Stasiun KA (http://www.transportumum.com/jakarta/halte-latumeten-stasiun-ka/)"}},
    {"type":"Feature","geometry":{"type":"Point","coordinates":[106.898955,-6.193574,10.87]},"properties":{"name":"Layur","description":"Halte TransJakarta Layur (http://www.transportumum.com/jakarta/halte-layur/)"}},
    {"type":"Feature","geometry":{"type":"Point","coordinates":[106.774657,-6.289506,36.46]},"properties":{"name":"Lebak Bulus","description":"Halte TransJakarta Lebak Bulus (http://www.transportumum.com/jakarta/halte-lebak-bulus/)"}},
    {"type":"Feature","geometry":{"type":"Point","coordinates":[106.825684,-6.241923,20.95]},"properties":{"name":"Mampang Prapatan","description":"Halte TransJakarta Mampang Prapatan (http://www.transportumum.com/jakarta/halte-mampang-prapatan/)"}},
    {"type":"Feature","geometry":{"type":"Point","coordinates":[106.817281,-6.152265,5.52]},"properties":{"name":"Mangga Besar","description":"Halte TransJakarta Mangga Besar (http://www.transportumum.com/jakarta/halte-mangga-besar/)"}},
    {"type":"Feature","geometry":{"type":"Point","coordinates":[106.847434,-6.208909,11.46]},"properties":{"name":"Manggarai","description":"Halte TransJakarta Manggarai (http://www.transportumum.com/jakarta/halte-manggarai/)"}},
    {"type":"Feature","geometry":{"type":"Point","coordinates":[106.798401,-6.235153,21.93]},"properties":{"name":"Masjid Agung","description":"Halte TransJakarta Masjid Agung (http://www.transportumum.com/jakarta/halte-masjid-agung/)"}},
    {"type":"Feature","geometry":{"type":"Point","coordinates":[106.854423,-6.200123,12.28]},"properties":{"name":"Matraman 1","description":"Halte TransJakarta Matraman 1 (http://www.transportumum.com/jakarta/halte-matraman-1/)"}},
    {"type":"Feature","geometry":{"type":"Point","coordinates":[106.85432,-6.199131,12.41]},"properties":{"name":"Matraman 2","description":"Halte TransJakarta Matraman 2 (http://www.transportumum.com/jakarta/halte-matraman-2/)"}},
    {"type":"Feature","geometry":{"type":"Point","coordinates":[106.822839,-6.175966,7.5]},"properties":{"name":"Monumen Nasional (Monas)","description":"Halte TransJakarta Monumen Nasional (Monas) (http://www.transportumum.com/jakarta/halte-monumen-nasional-monas/)"}},
    {"type":"Feature","geometry":{"type":"Point","coordinates":[106.816684,-6.149305,5.72]},"properties":{"name":"Olimo","description":"Halte TransJakarta Olimo (http://www.transportumum.com/jakarta/halte-olimo/)"}},
    {"type":"Feature","geometry":{"type":"Point","coordinates":[106.831638,-6.133794,3.12]},"properties":{"name":"Pademangan","description":"Halte TransJakarta Pademangan (http://www.transportumum.com/jakarta/halte-pademangan/)"}},
    {"type":"Feature","geometry":{"type":"Point","coordinates":[106.844023,-6.184636,8.24]},"properties":{"name":"Pal Putih","description":"Halte TransJakarta Pal Putih (http://www.transportumum.com/jakarta/halte-pal-putih/)"}},
    {"type":"Feature","geometry":{"type":"Point","coordinates":[106.837588,-6.241635,19.01]},"properties":{"name":"Pancoran Barat","description":"Halte TransJakarta Pancoran Barat (http://www.transportumum.com/jakarta/halte-pancoran-barat/)"}},
    {"type":"Feature","geometry":{"type":"Point","coordinates":[106.843844,-6.243219,21.13]},"properties":{"name":"Pancoran Tugu","description":"Halte TransJakarta Pancoran Tugu (http://www.transportumum.com/jakarta/halte-pancoran-tugu/)"}},
    {"type":"Feature","geometry":{"type":"Point","coordinates":[106.838148,-6.162389,6.92]},"properties":{"name":"Pasar Baru Timur","description":"Halte TransJakarta Pasar Baru Timur (http://www.transportumum.com/jakarta/halte-pasar-baru-timur/)"}},
    {"type":"Feature","geometry":{"type":"Point","coordinates":[106.834803,-6.166175,6.37]},"properties":{"name":"Pasar Baru","description":"Halte TransJakarta Pasar Baru (http://www.transportumum.com/jakarta/halte-pasar-baru/)"}},
    {"type":"Feature","geometry":{"type":"Point","coordinates":[106.862177,-6.172501,9.76]},"properties":{"name":"Pasar Cempaka Putih","description":"Halte TransJakarta Pasar Cempaka Putih (http://www.transportumum.com/jakarta/halte-pasar-cempaka-putih/)"}},
    {"type":"Feature","geometry":{"type":"Point","coordinates":[106.86656,-6.170475,8.28]},"properties":{"name":"Pasar Cempaka Tengah","description":"Halte TransJakarta Pasar Cempaka Tengah (http://www.transportumum.com/jakarta/halte-pasar-cempaka-tengah/)"}},
    {"type":"Feature","geometry":{"type":"Point","coordinates":[106.860907,-6.194487,12.15]},"properties":{"name":"Pasar Genjing","description":"Halte TransJakarta Pasar Genjing (http://www.transportumum.com/jakarta/halte-pasar-genjing/)"}},
    {"type":"Feature","geometry":{"type":"Point","coordinates":[106.871982,-6.294295,36.03]},"properties":{"name":"Pasar Induk","description":"Halte TransJakarta Pasar Induk (http://www.transportumum.com/jakarta/halte-pasar-induk/)"}},
    {"type":"Feature","geometry":{"type":"Point","coordinates":[106.866309,-6.215768,18.14]},"properties":{"name":"Pasar Jatinegara","description":"Halte TransJakarta Pasar Jatinegara (http://www.transportumum.com/jakarta/halte-pasar-jatinegara/)"}},
    {"type":"Feature","geometry":{"type":"Point","coordinates":[106.783169,-6.238572,21]},"properties":{"name":"Pasar Kebayoran Lama","description":"Halte TransJakarta Pasar Kebayoran Lama (http://www.transportumum.com/jakarta/halte-pasar-kebayoran-lama/)"}},
    {"type":"Feature","geometry":{"type":"Point","coordinates":[106.866567,-6.26892,30.82]},"properties":{"name":"Pasar Kramat Jati","description":"Halte TransJakarta Pasar Kramat Jati (http://www.transportumum.com/jakarta/halte-pasar-kramat-jati/)"}},
    {"type":"Feature","geometry":{"type":"Point","coordinates":[106.90592,-6.187493,10.32]},"properties":{"name":"Pasar Pulogadung","description":"Halte TransJakarta Pasar Pulogadung (http://www.transportumum.com/jakarta/halte-pasar-pulogadung/)"}},
    {"type":"Feature","geometry":{"type":"Point","coordinates":[106.841095,-6.207193,12]},"properties":{"name":"Pasar Rumput","description":"Halte TransJakarta Pasar Rumput (http://www.transportumum.com/jakarta/halte-pasar-rumput/)"}},
    {"type":"Feature","geometry":{"type":"Point","coordinates":[106.831263,-6.233557,19.77]},"properties":{"name":"Patra Kuningan","description":"Halte TransJakarta Patra Kuningan (http://www.transportumum.com/jakarta/halte-patra-kuningan/)"}},
    {"type":"Feature","geometry":{"type":"Point","coordinates":[106.828173,-6.167791,4.41]},"properties":{"name":"Pecenongan","description":"Halte TransJakarta Pecenongan (http://www.transportumum.com/jakarta/halte-pecenongan/)"}},
    {"type":"Feature","geometry":{"type":"Point","coordinates":[106.874378,-6.220251,19.59]},"properties":{"name":"Pedati Prumpung","description":"Halte TransJakarta Pedati Prumpung (http://www.transportumum.com/jakarta/halte-pedati-prumpung/)"}},
    {"type":"Feature","geometry":{"type":"Point","coordinates":[106.882272,-6.167882,4.21]},"properties":{"name":"Pedongkelan","description":"Halte TransJakarta Pedongkelan (http://www.transportumum.com/jakarta/halte-pedongkelan/)"}},
    {"type":"Feature","geometry":{"type":"Point","coordinates":[106.829668,-6.278526,25.49]},"properties":{"name":"Pejaten","description":"Halte TransJakarta Pejaten (http://www.transportumum.com/jakarta/halte-pejaten/)"}},
    {"type":"Feature","geometry":{"type":"Point","coordinates":[106.891667,-6.193539,11.89]},"properties":{"name":"Pemuda Rawamangun","description":"Halte TransJakarta Pemuda Rawamangun (http://www.transportumum.com/jakarta/halte-pemuda-rawamangun/)"}},
    {"type":"Feature","geometry":{"type":"Point","coordinates":[106.878039,-6.239218,18.32]},"properties":{"name":"Penas Kalimalang","description":"Halte TransJakarta Penas Kalimalang (http://www.transportumum.com/jakarta/halte-penas-kalimalang/)"}},
    {"type":"Feature","geometry":{"type":"Point","coordinates":[106.791997,-6.126423,3.36]},"properties":{"name":"Penjaringan","description":"Halte TransJakarta Penjaringan (http://www.transportumum.com/jakarta/halte-penjaringan/)"}},
    {"type":"Feature","geometry":{"type":"Point","coordinates":[106.893078,-6.113857,6.25]},"properties":{"name":"Permai Koja","description":"Halte TransJakarta Permai Koja (http://www.transportumum.com/jakarta/halte-permai-koja/)"}},
    {"type":"Feature","geometry":{"type":"Point","coordinates":[106.777547,-6.218433,17.27]},"properties":{"name":"Permata Hijau RS Medika","description":"Halte TransJakarta Permata HIjau RS Medika (http://www.transportumum.com/jakarta/halte-permata-hijau-rs-medika/)"}},
    {"type":"Feature","geometry":{"type":"Point","coordinates":[106.783214,-6.221491,14.05]},"properties":{"name":"Permata Hijau","description":"Halte TransJakarta Permata Hijau (http://www.transportumum.com/jakarta/halte-permata-hijau/)"}},
    {"type":"Feature","geometry":{"type":"Point","coordinates":[106.715204,-6.154843,4.26]},"properties":{"name":"Pesakih","description":"Halte TransJakarta Pesakih (http://www.transportumum.com/jakarta/halte-pesakih/)"}},
    {"type":"Feature","geometry":{"type":"Point","coordinates":[106.816928,-6.170082,6.52]},"properties":{"name":"Petojo","description":"Halte TransJakarta Petojo (http://www.transportumum.com/jakarta/halte-petojo/)"}},
    {"type":"Feature","geometry":{"type":"Point","coordinates":[106.865873,-6.262106,27.43]},"properties":{"name":"PGC (Pusat Grosir Cililitan)","description":"Halte TransJakarta PGC (Pusat Grosir Cililitan) (http://www.transportumum.com/jakarta/halte-pgc-pusat-grosir-cililitan/)"}},
    {"type":"Feature","geometry":{"type":"Point","coordinates":[106.886304,-6.291426,32.72]},"properties":{"name":"Pinang Ranti","description":"Halte TransJakarta Pinang Ranti (http://www.transportumum.com/jakarta/halte-pinang-ranti/)"}},
    {"type":"Feature","geometry":{"type":"Point","coordinates":[106.791057,-6.115904,5.11]},"properties":{"name":"Pluit","description":"Halte TransJakarta Pluit (http://www.transportumum.com/jakarta/halte-pluit/)"}},
    {"type":"Feature","geometry":{"type":"Point","coordinates":[106.893655,-6.12844,2.12]},"properties":{"name":"Plumpang Pertamina","description":"Halte TransJakarta Plumpang Pertamina (http://www.transportumum.com/jakarta/halte-plumpang-pertamina/)"}},
    {"type":"Feature","geometry":{"type":"Point","coordinates":[106.809568,-6.221702,14.16]},"properties":{"name":"Polda Metro","description":"Halte TransJakarta Polda Metro (http://www.transportumum.com/jakarta/halte-polda-metro/)"}},
    {"type":"Feature","geometry":{"type":"Point","coordinates":[106.779239,-6.287487,38.82]},"properties":{"name":"Pondok Indah 1","description":"Halte TransJakarta Pondok Indah 1 (http://www.transportumum.com/jakarta/halte-pondok-indah-1/)"}},
    {"type":"Feature","geometry":{"type":"Point","coordinates":[106.783571,-6.267262,28.64]},"properties":{"name":"Pondok Indah 2","description":"Halte TransJakarta Pondok Indah 2 (http://www.transportumum.com/jakarta/halte-pondok-indah-2/)"}},
    {"type":"Feature","geometry":{"type":"Point","coordinates":[106.771994,-6.282257,36.14]},"properties":{"name":"Pondok Pinang","description":"Halte TransJakarta Pondok Pinang (http://www.transportumum.com/jakarta/halte-pondok-pinang/)"}},
    {"type":"Feature","geometry":{"type":"Point","coordinates":[106.772246,-6.213026,11.88]},"properties":{"name":"Pos Pengumben","description":"Halte TransJakarta Pos Pengumben (http://www.transportumum.com/jakarta/halte-pos-pengumben/)"}},
    {"type":"Feature","geometry":{"type":"Point","coordinates":[106.873994,-6.192227,7.87]},"properties":{"name":"Pramuka BPKP 1","description":"Halte TransJakarta Pramuka BPKP 1 (http://www.transportumum.com/jakarta/halte-pramuka-bpkp-1/)"}},
    {"type":"Feature","geometry":{"type":"Point","coordinates":[106.874904,-6.193051,7.1]},"properties":{"name":"Pramuka BPKP 2","description":"Halte TransJakarta Pramuka BPKP 2 (http://www.transportumum.com/jakarta/halte-pramuka-bpkp-2/)"}},
    {"type":"Feature","geometry":{"type":"Point","coordinates":[106.868542,-6.192283,11.64]},"properties":{"name":"Pramuka LIA","description":"Halte TransJakarta Pramuka LIA (http://www.transportumum.com/jakarta/halte-pramuka-lia/)"}},
    {"type":"Feature","geometry":{"type":"Point","coordinates":[106.908731,-6.183279,7.1]},"properties":{"name":"Pulogadung","description":"Halte TransJakarta Pulogadung (http://www.transportumum.com/jakarta/halte-pulogadung/)"}},
    {"type":"Feature","geometry":{"type":"Point","coordinates":[106.875952,-6.17732,9.97]},"properties":{"name":"Pulomas Pacuan Kuda","description":"Halte TransJakarta Pulomas Pacuan Kuda (http://www.transportumum.com/jakarta/halte-pulomas-pacuan-kuda/)"}},
    {"type":"Feature","geometry":{"type":"Point","coordinates":[106.892739,-6.174793,4.55]},"properties":{"name":"Pulomas","description":"Halte TransJakarta Pulomas (http://www.transportumum.com/jakarta/halte-pulomas/)"}},
    {"type":"Feature","geometry":{"type":"Point","coordinates":[106.818831,-6.305862,47.97]},"properties":{"name":"Ragunan","description":"Halte TransJakarta Ragunan (http://www.transportumum.com/jakarta/halte-ragunan/)"}},
    {"type":"Feature","geometry":{"type":"Point","coordinates":[106.726362,-6.153998,4.17]},"properties":{"name":"Rawa Buaya","description":"Halte TransJakarta Rawa Buaya (http://www.transportumum.com/jakarta/halte-rawa-buaya/)"}},
    {"type":"Feature","geometry":{"type":"Point","coordinates":[106.85779,-6.174028,10]},"properties":{"name":"Rawa Selatan","description":"Halte TransJakarta Rawa Selatan (http://www.transportumum.com/jakarta/halte-rawa-selatan/)"}},
    {"type":"Feature","geometry":{"type":"Point","coordinates":[106.867951,-6.302051,43.69]},"properties":{"name":"RS Harapan Bunda","description":"Halte TransJakarta RS Harapan Bunda (http://www.transportumum.com/jakarta/halte-rs-harapan-bunda/)"}},
    {"type":"Feature","geometry":{"type":"Point","coordinates":[106.870448,-6.168645,5.84]},"properties":{"name":"RS Islam","description":"Halte TransJakarta RS Islam (http://www.transportumum.com/jakarta/halte-rs-islam/)"}},
    {"type":"Feature","geometry":{"type":"Point","coordinates":[106.796942,-6.166347,8.43]},"properties":{"name":"RS Sumber Waras","description":"Halte TransJakarta RS Sumber Waras (http://www.transportumum.com/jakarta/halte-rs-sumber-waras/)"}},
    {"type":"Feature","geometry":{"type":"Point","coordinates":[106.810048,-6.171253,7.82]},"properties":{"name":"RS Tarakan","description":"Halte TransJakarta RS Tarakan (http://www.transportumum.com/jakarta/halte-rs-tarakan/)"}},
    {"type":"Feature","geometry":{"type":"Point","coordinates":[106.836714,-6.175589,5.38]},"properties":{"name":"RSPAD","description":"Halte TransJakarta RSPAD (http://www.transportumum.com/jakarta/halte-rspad/)"}},
    {"type":"Feature","geometry":{"type":"Point","coordinates":[106.793635,-6.176773,25.68]},"properties":{"name":"S Parman Central Park","description":"Halte TransJakarta S Parman Central Park (http://www.transportumum.com/jakarta/halte-s-parman-central-park/)"}},
    {"type":"Feature","geometry":{"type":"Point","coordinates":[106.79692,-6.184895,12.88]},"properties":{"name":"S Parman Harapan Kita","description":"Halte TransJakarta S Parman Harapan Kita (http://www.transportumum.com/jakarta/halte-s-parman-harapan-kita/)"}},
    {"type":"Feature","geometry":{"type":"Point","coordinates":[106.85108,-6.196954,13.66]},"properties":{"name":"Salemba Carolus","description":"Halte TransJakarta Salemba Carolus (http://www.transportumum.com/jakarta/halte-salemba-carolus/)"}},
    {"type":"Feature","geometry":{"type":"Point","coordinates":[106.848945,-6.193617,15.13]},"properties":{"name":"Salemba UI","description":"Halte TransJakarta Salemba UI (http://www.transportumum.com/jakarta/halte-salemba-ui/)"}},
    {"type":"Feature","geometry":{"type":"Point","coordinates":[106.822982,-6.188073,3.1]},"properties":{"name":"Sarinah","description":"Halte TransJakarta Sarinah (http://www.transportumum.com/jakarta/halte-sarinah/)"}},
    {"type":"Feature","geometry":{"type":"Point","coordinates":[106.819147,-6.160534,11.39]},"properties":{"name":"Sawah Besar","description":"Halte TransJakarta Sawah Besar (http://www.transportumum.com/jakarta/halte-sawah-besar/)"}},
    {"type":"Feature","geometry":{"type":"Point","coordinates":[106.813214,-6.220564,15.15]},"properties":{"name":"Semanggi","description":"Halte TransJakarta Semanggi (http://www.transportumum.com/jakarta/halte-semanggi/)"}},
    {"type":"Feature","geometry":{"type":"Point","coordinates":[106.8085,-6.214071,17.97]},"properties":{"name":"Senayan JCC","description":"Halte TransJakarta Senayan JCC (http://www.transportumum.com/jakarta/halte-senayan-jcc/)"}},
    {"type":"Feature","geometry":{"type":"Point","coordinates":[106.842536,-6.178259,7.07]},"properties":{"name":"Senen","description":"Halte TransJakarta Senen (http://www.transportumum.com/jakarta/halte-senen/)"}},
    {"type":"Feature","geometry":{"type":"Point","coordinates":[106.829947,-6.208354,9.88]},"properties":{"name":"Setiabudi Utara AINI","description":"Halte TransJakarta Setiabudi Utara AINI (http://www.transportumum.com/jakarta/halte-setiabudi-utara-aini/)"}},
    {"type":"Feature","geometry":{"type":"Point","coordinates":[106.821177,-6.210231,20.51]},"properties":{"name":"Setiabudi","description":"Halte TransJakarta Setiabudi (http://www.transportumum.com/jakarta/halte-setiabudi/)"}},
    {"type":"Feature","geometry":{"type":"Point","coordinates":[106.786489,-6.233963,13.15]},"properties":{"name":"Simprug Kebayoran Lama","description":"Halte TransJakarta Simprug Kebayoran Lama (http://www.transportumum.com/jakarta/halte-simprug-kebayoran-lama/)"}},
    {"type":"Feature","geometry":{"type":"Point","coordinates":[106.85929,-6.208595,17.03]},"properties":{"name":"Slamet Riyadi","description":"Halte TransJakarta Slamet Riyadi (http://www.transportumum.com/jakarta/halte-slamet-riyadi/)"}},
    {"type":"Feature","geometry":{"type":"Point","coordinates":[106.79723,-6.19015,8.05]},"properties":{"name":"Slipi Kemanggisan","description":"Halte TransJakarta Slipi Kemanggisan (http://www.transportumum.com/jakarta/halte-slipi-kemanggisan/)"}},
    {"type":"Feature","geometry":{"type":"Point","coordinates":[106.799959,-6.202045,15.52]},"properties":{"name":"Slipi Petamburan","description":"Halte TransJakarta Slipi Petamburan (http://www.transportumum.com/jakarta/halte-slipi-petamburan/)"}},
    {"type":"Feature","geometry":{"type":"Point","coordinates":[106.82349,-6.291254,41.37]},"properties":{"name":"SMK 57","description":"Halte TransJakarta SMK 57 (http://www.transportumum.com/jakarta/halte-smk-57/)"}},
    {"type":"Feature","geometry":{"type":"Point","coordinates":[106.719166,-6.153094,6]},"properties":{"name":"Sumur Bor","description":"Halte TransJakarta Sumur Bor (http://www.transportumum.com/jakarta/halte-sumur-bor/)"}},
    {"type":"Feature","geometry":{"type":"Point","coordinates":[106.883642,-6.193309,10.33]},"properties":{"name":"Sunan Giri","description":"Halte TransJakarta Sunan Giri (http://www.transportumum.com/jakarta/halte-sunan-giri/)"}},
    {"type":"Feature","geometry":{"type":"Point","coordinates":[106.89076,-6.142753,6.88]},"properties":{"name":"Sunter Kelapa Gading","description":"Halte TransJakarta Sunter Kelapa Gading (http://www.transportumum.com/jakarta/halte-sunter-kelapa-gading/)"}},
    {"type":"Feature","geometry":{"type":"Point","coordinates":[106.86985,-6.257923,25]},"properties":{"name":"Sutoyo BKN","description":"Halte TransJakarta Sutoyo BKN (http://www.transportumum.com/jakarta/halte-/sutoyo-bkn)"}},
    {"type":"Feature","geometry":{"type":"Point","coordinates":[106.757848,-6.157231,3.47]},"properties":{"name":"Taman Kota","description":"Halte TransJakarta Taman Kota (http://www.transportumum.com/jakarta/halte-taman-kota/)"}},
    {"type":"Feature","geometry":{"type":"Point","coordinates":[106.881063,-6.290271,29]},"properties":{"name":"Taman Mini Garuda","description":"Halte TransJakarta Taman Mini Garuda (http://www.transportumum.com/jakarta/halte-taman-mini-garuda/)"}},
    {"type":"Feature","geometry":{"type":"Point","coordinates":[106.781624,-6.257089,28.68]},"properties":{"name":"Tanah Kusir Kodim","description":"Halte TransJakarta Tanah Kusir Kodim (http://www.transportumum.com/jakarta/halte-tanah-kusir-kodim/)"}},
    {"type":"Feature","geometry":{"type":"Point","coordinates":[106.873863,-6.308258,41]},"properties":{"name":"Tanah Merdeka","description":"Halte TransJakarta Tanah Merdeka (http://www.transportumum.com/jakarta/halte-tanah-merdeka/)"}},
    {"type":"Feature","geometry":{"type":"Point","coordinates":[106.882011,-6.10968,0]},"properties":{"name":"Tanjung Priok","description":"Halte TransJakarta Tanjung Priok (http://www.transportumum.com/jakarta/halte-tanjung-priok/)"}},
    {"type":"Feature","geometry":{"type":"Point","coordinates":[106.852044,-6.243125,29.26]},"properties":{"name":"Tebet BKPM","description":"Halte TransJakarta Tebet BKPM (http://www.transportumum.com/jakarta/halte-tebet-bkpm/)"}},
    {"type":"Feature","geometry":{"type":"Point","coordinates":[106.830218,-6.238886,15.94]},"properties":{"name":"Tegal Parang","description":"Halte TransJakarta Tegal Parang (http://www.transportumum.com/jakarta/halte-tegal-parang/)"}},
    {"type":"Feature","geometry":{"type":"Point","coordinates":[106.85712,-6.20301,14]},"properties":{"name":"Tegalan","description":"Halte TransJakarta Tegalan (http://www.transportumum.com/jakarta/halte-tegalan/)"}},
    {"type":"Feature","geometry":{"type":"Point","coordinates":[106.800156,-6.17709,8.13]},"properties":{"name":"Tomang Mandala","description":"Halte TransJakarta Tomang Mandala (http://www.transportumum.com/jakarta/halte-tomang-mandala/)"}},
    {"type":"Feature","geometry":{"type":"Point","coordinates":[106.823109,-6.198724,2.77]},"properties":{"name":"Tosari","description":"Halte TransJakarta Tosari (http://www.transportumum.com/jakarta/halte-tosari/)"}},
    {"type":"Feature","geometry":{"type":"Point","coordinates":[106.904968,-6.192397,9.15]},"properties":{"name":"TU Gas","description":"Halte TransJakarta TU Gas (http://www.transportumum.com/jakarta/halte-tu-gas/)"}},
    {"type":"Feature","geometry":{"type":"Point","coordinates":[106.880183,-6.192954,8.07]},"properties":{"name":"UNJ","description":"Halte TransJakarta UNJ (http://www.transportumum.com/jakarta/halte-unj/)"}},
    {"type":"Feature","geometry":{"type":"Point","coordinates":[106.874018,-6.197476,14.5]},"properties":{"name":"Utan Kayu Rawamangun","description":"Halte TransJakarta Utan Kayu Rawamangun (http://www.transportumum.com/jakarta/halte-utan-kayu-rawamangun/)"}},
    {"type":"Feature","geometry":{"type":"Point","coordinates":[106.864543,-6.192792,10.58]},"properties":{"name":"Utan Kayu","description":"Halte TransJakarta Utan Kayu (http://www.transportumum.com/jakarta/halte-utan-kayu/)"}},
    {"type":"Feature","geometry":{"type":"Point","coordinates":[106.888154,-6.193518,12.1]},"properties":{"name":"Velodrome","description":"Halte TransJakarta Velodrome (http://www.transportumum.com/jakarta/halte-velodrome/)"}},
    {"type":"Feature","geometry":{"type":"Point","coordinates":[106.829696,-6.262462,25.46]},"properties":{"name":"Warung Jati","description":"Halte TransJakarta Warung Jati (http://www.transportumum.com/jakarta/halte-warung-jati/)"}},
    {"type":"Feature","geometry":{"type":"Point","coordinates":[106.879378,-6.165633,7.99]},"properties":{"name":"Yos Sudarso Cempaka Mas","description":"Halte TransJakarta Yos Sudarso Cempaka Mas (http://www.transportumum.com/jakarta/halte-yos-sudarso-cempaka-mas/)"}},
    {"type":"Feature","geometry":{"type":"Point","coordinates":[106.881788,-6.161891,5.05]},"properties":{"name":"Yos Sudarso Kodamar","description":"Halte TransJakarta Yos Sudarso Kodamar (http://www.transportumum.com/jakarta/halte-yos-sudarso-kodamar/)"}},
    {"type":"Feature","geometry":{"type":"Point","coordinates":[106.867797,-6.215661,0]},"properties":{"name":"Halte Stasiun Jatinegara 2","description":"Halte TransJakarta Stasiun Jatinegara 2 (http://www.transportumum.com/jakarta/halte-stasiun-jatinegara-2/)"}},
    {"type":"Feature","geometry":{"type":"Point","coordinates":[106.873528,-6.215203,0]},"properties":{"name":"Halte Fly Over Jatinegara","description":"Halte TransJakarta Fly Over Jatinegara (http://www.transportumum.com/jakarta/halte-fly-over-jatinegara/)"}},
    {"type":"Feature","geometry":{"type":"Point","coordinates":[106.877853,-6.21493,0]},"properties":{"name":"Halte Pasar Enjo","description":"Halte TransJakarta Pasar Enjo (http://www.transportumum.com/jakarta/halte-pasar-enjo/)"}},
    {"type":"Feature","geometry":{"type":"Point","coordinates":[106.881942,-6.214702,0]},"properties":{"name":"Halte Kantor Imigrasi Jakarta Timur","description":"Halte TransJakarta Kantor Imigrasi Jakarta Timur (http://www.transportumum.com/jakarta/halte-kantor-imigrasi-jakarta-timur/)"}},
    {"type":"Feature","geometry":{"type":"Point","coordinates":[106.889309,-6.213966,0]},"properties":{"name":"Halte Cipinang","description":"Halte TransJakarta Cipinang (http://www.transportumum.com/jakarta/halte-cipinang/)"}},
    {"type":"Feature","geometry":{"type":"Point","coordinates":[106.898924,-6.213649,0]},"properties":{"name":"Halte Stasiun Klender","description":"Halte TransJakarta Stasiun Klender (http://www.transportumum.com/jakarta/halte-stasiun-klender/)"}},
    {"type":"Feature","geometry":{"type":"Point","coordinates":[106.903216,-6.213693,0]},"properties":{"name":"Halte Fly Over Klender","description":"Halte TransJakarta Fly Over Klender (http://www.transportumum.com/jakarta/halte-fly-over-klender/)"}},
    {"type":"Feature","geometry":{"type":"Point","coordinates":[106.907159,-6.213893,0]},"properties":{"name":"Halte Kampung Sumur","description":"Halte TransJakarta Kampung Sumur (http://www.transportumum.com/jakarta/halte-kampung-sumur/)"}},
    {"type":"Feature","geometry":{"type":"Point","coordinates":[106.914906,-6.214836,0]},"properties":{"name":"Halte Buaran","description":"Halte TransJakarta Buaran (http://www.transportumum.com/jakarta/halte-buaran/)"}},
    {"type":"Feature","geometry":{"type":"Point","coordinates":[106.925953,-6.216236,0]},"properties":{"name":"Halte Fly Over Raden Inten","description":"Halte TransJakarta Fly Over Raden Inten (http://www.transportumum.com/jakarta/halte-fly-over-raden-inten/)"}},
    {"type":"Feature","geometry":{"type":"Point","coordinates":[106.930382,-6.216707,0]},"properties":{"name":"Halte Perumnas Klender","description":"Halte TransJakarta Perumnas Klender (http://www.transportumum.com/jakarta/halte-perumnas-klender/)"}},
    {"type":"Feature","geometry":{"type":"Point","coordinates":[106.939623,-6.213653,0]},"properties":{"name":"Halte Penggilingan","description":"Halte TransJakarta Penggilingan (http://www.transportumum.com/jakarta/halte-penggilingan/)"}},
    {"type":"Feature","geometry":{"type":"Point","coordinates":[106.944805,-6.212576,0]},"properties":{"name":"Halte Kantor Walikota Jakarta Timur","description":"Halte TransJakarta Kantor Walikota Jakarta Timur (http://www.transportumum.com/jakarta/halte-kantor-walikota-jakarta-timur/)"}},
    {"type":"Feature","geometry":{"type":"Point","coordinates":[106.868112,-6.221983,0]},"properties":{"name":"Halte RS Premier Jatinegara","description":"<a href=\"http://www.transportumum.com/jakarta/halte-rs-premier-jatinegara/\">Halte RS Premier Jatinegara</a>"}}
    ]}
    